transition,n,pre_ortg,post_ortg,pre_ts,post_ts,pre_ppg,post_ppg,ortg_change,ts_change,ppg_change
High → High,7,99.03,101.57,52.79,53.63,10.5,9.76,2.54,0.83,-0.75
High → Low,10,100.3,99.27,54.04,52.08,13.16,12.48,-1.03,-1.96,-0.68
High → Medium,4,104.66,100.09,54.36,53.25,11.61,13.12,-4.57,-1.11,1.51
Low → High,8,100.86,103.85,53.16,54.7,11.18,16.69,2.99,1.54,5.5
Low → Low,3,88.57,89.08,47.67,47.24,6.08,7.47,0.52,-0.43,1.39
Low → Medium,4,106.96,110.31,55.81,57.88,19.62,21.56,3.34,2.07,1.94
Medium → High,11,99.08,100.83,52.75,54.35,8.55,10.01,1.75,1.6,1.45
Medium → Low,10,103.56,101.42,54.85,52.65,14.82,12.08,-2.14,-2.19,-2.73
Medium → Medium,3,105.05,105.11,53.75,57.51,15.5,16.6,0.06,3.76,1.1
